{
  "results": [
    {
      "command": "plain",
      "mean": 0.00360147586,
      "stddev": 0.00024539814159767437,
      "median": 0.003525063,
      "user": 0.0011318199999999995,
      "system": 0.00207836,
      "min": 0.003258,
      "max": 0.004236541,
      "times": [
        0.0037568330000000002,
        0.003958791000000001,
        0.0038221670000000004,
        0.003981042000000001,
        0.003683041,
        0.0036695,
        0.0034720000000000003,
        0.004151167,
        0.0038238340000000003,
        0.003695083,
        0.003473542,
        0.004153291,
        0.004236541,
        0.003591084,
        0.0036155000000000002,
        0.003518541,
        0.003949208,
        0.0037188340000000003,
        0.0035297080000000003,
        0.0033991250000000002,
        0.003631584,
        0.00369725,
        0.003410333,
        0.003406292,
        0.003360084,
        0.0036412500000000004,
        0.0035393750000000004,
        0.003472583,
        0.0033002500000000002,
        0.003258,
        0.003375916,
        0.0034139170000000003,
        0.0034130840000000003,
        0.0034213330000000004,
        0.00341725,
        0.003806208,
        0.003479125,
        0.003305,
        0.0034187500000000003,
        0.003416,
        0.004068208,
        0.003713792,
        0.003383834,
        0.0033315830000000004,
        0.003524417,
        0.003525709,
        0.003387375,
        0.0034585840000000002,
        0.00342725,
        0.0038706250000000004
      ],
      "memory_usage_byte": [
        1409024,
        1409024,
        1409024,
        1409024,
        1409024,
        1409024,
        1409024,
        1409024,
        1409024,
        1409024,
        1409024,
        1409024,
        1409024,
        1409024,
        1409024,
        1409024,
        1409024,
        1409024,
        1409024,
        1409024,
        1409024,
        1409024,
        1409024,
        1409024,
        1409024,
        1409024,
        1409024,
        1409024,
        1409024,
        1409024,
        1409024,
        1409024,
        1409024,
        1409024,
        1409024,
        1409024,
        1409024,
        1409024,
        1409024,
        1409024,
        1409024,
        1409024,
        1409024,
        1409024,
        1409024,
        1409024,
        1409024,
        1409024,
        1409024,
        1409024
      ],
      "exit_codes": [
        0,
        0,
        0,
        0,
        0,
        0,
        0,
        0,
        0,
        0,
        0,
        0,
        0,
        0,
        0,
        0,
        0,
        0,
        0,
        0,
        0,
        0,
        0,
        0,
        0,
        0,
        0,
        0,
        0,
        0,
        0,
        0,
        0,
        0,
        0,
        0,
        0,
        0,
        0,
        0,
        0,
        0,
        0,
        0,
        0,
        0,
        0,
        0,
        0,
        0
      ]
    },
    {
      "command": "json",
      "mean": 0.003588689140000001,
      "stddev": 0.00019636918557666122,
      "median": 0.0035376455000000005,
      "user": 0.0011254400000000001,
      "system": 0.002093779999999999,
      "min": 0.003338625,
      "max": 0.004064458,
      "times": [
        0.003401292,
        0.003595333,
        0.003601084,
        0.003798458,
        0.003416875,
        0.0035397500000000004,
        0.003632709,
        0.004012791,
        0.0038490420000000004,
        0.0036170420000000004,
        0.0034807080000000003,
        0.0037439580000000004,
        0.003876375,
        0.0034871670000000002,
        0.0034082500000000003,
        0.003428125,
        0.0038676670000000004,
        0.003745916,
        0.0033432920000000003,
        0.0035079160000000002,
        0.0033670840000000002,
        0.003812667,
        0.003460041,
        0.003356958,
        0.003338625,
        0.0035102090000000002,
        0.003908333,
        0.004042208,
        0.003653167,
        0.003742,
        0.004064458,
        0.003578958,
        0.003464,
        0.003395875,
        0.00347925,
        0.0037166670000000003,
        0.0035504160000000002,
        0.0034226250000000003,
        0.0033887920000000003,
        0.003535541,
        0.003467083,
        0.003417292,
        0.0034694580000000004,
        0.0034056660000000003,
        0.0038032920000000002,
        0.0036755000000000004,
        0.0035435420000000002,
        0.0034365420000000003,
        0.0033917080000000002,
        0.0036827500000000003
      ],
      "memory_usage_byte": [
        1409024,
        1409024,
        1409024,
        1409024,
        1409024,
        1409024,
        1409024,
        1409024,
        1409024,
        1409024,
        1409024,
        1409024,
        1409024,
        1409024,
        1409024,
        1409024,
        1409024,
        1409024,
        1409024,
        1409024,
        1409024,
        1409024,
        1409024,
        1409024,
        1409024,
        1409024,
        1409024,
        1409024,
        1409024,
        1409024,
        1409024,
        1409024,
        1409024,
        1409024,
        1409024,
        1409024,
        1409024,
        1409024,
        1409024,
        1409024,
        1409024,
        1409024,
        1409024,
        1409024,
        1409024,
        1409024,
        1409024,
        1409024,
        1409024,
        1409024
      ],
      "exit_codes": [
        0,
        0,
        0,
        0,
        0,
        0,
        0,
        0,
        0,
        0,
        0,
        0,
        0,
        0,
        0,
        0,
        0,
        0,
        0,
        0,
        0,
        0,
        0,
        0,
        0,
        0,
        0,
        0,
        0,
        0,
        0,
        0,
        0,
        0,
        0,
        0,
        0,
        0,
        0,
        0,
        0,
        0,
        0,
        0,
        0,
        0,
        0,
        0,
        0,
        0
      ]
    }
  ]
}
