{
  "results": [
    {
      "command": "darwin-timeout",
      "mean": 1.0135828,
      "stddev": 0.003232774461116362,
      "median": 1.014322229,
      "user": 0.00327975,
      "system": 0.00749005,
      "min": 1.008267334,
      "max": 1.018430209,
      "times": [
        1.015067834,
        1.008267334,
        1.010175042,
        1.010504625,
        1.014576708,
        1.010943208,
        1.014497166,
        1.013896834,
        1.008298667,
        1.012074208,
        1.009771833,
        1.016258708,
        1.010773958,
        1.018430209,
        1.0175868750000001,
        1.016222125,
        1.017495875,
        1.015593958,
        1.017073541,
        1.014147292
      ],
      "memory_usage_byte": [
        1409024,
        1409024,
        1409024,
        1409024,
        1409024,
        1409024,
        1409024,
        1409024,
        1409024,
        1409024,
        1409024,
        1409024,
        1409024,
        1409024,
        1409024,
        1409024,
        1409024,
        1409024,
        1409024,
        1409024
      ],
      "exit_codes": [
        124,
        124,
        124,
        124,
        124,
        124,
        124,
        124,
        124,
        124,
        124,
        124,
        124,
        124,
        124,
        124,
        124,
        124,
        124,
        124
      ]
    },
    {
      "command": "GNU timeout",
      "mean": 1.0170197895,
      "stddev": 0.001420687547698647,
      "median": 1.0168577915,
      "user": 0.0042509,
      "system": 0.010364449999999999,
      "min": 1.014764125,
      "max": 1.02148225,
      "times": [
        1.016870625,
        1.01732875,
        1.015859583,
        1.017441792,
        1.016750833,
        1.015984458,
        1.0169385,
        1.017678625,
        1.02148225,
        1.016843958,
        1.017026959,
        1.01727675,
        1.01678075,
        1.016844958,
        1.016573875,
        1.016110333,
        1.016895791,
        1.019531333,
        1.014764125,
        1.015411542
      ],
      "memory_usage_byte": [
        1589248,
        1589248,
        1589248,
        1589248,
        1589248,
        1589248,
        1589248,
        1589248,
        1589248,
        1589248,
        1589248,
        1589248,
        1589248,
        1589248,
        1589248,
        1589248,
        1589248,
        1589248,
        1589248,
        1589248
      ],
      "exit_codes": [
        124,
        124,
        124,
        124,
        124,
        124,
        124,
        124,
        124,
        124,
        124,
        124,
        124,
        124,
        124,
        124,
        124,
        124,
        124,
        124
      ]
    }
  ]
}
