{
  "results": [
    {
      "command": "no retry",
      "mean": 0.0036131150200000013,
      "stddev": 0.0002219566314926657,
      "median": 0.0035252705000000002,
      "user": 0.0011284399999999999,
      "system": 0.0021009399999999995,
      "min": 0.0033288330000000002,
      "max": 0.004204584,
      "times": [
        0.003520875,
        0.003856917,
        0.004083750000000001,
        0.0037685830000000003,
        0.0036753330000000002,
        0.00390825,
        0.003822292,
        0.0036458750000000002,
        0.003479125,
        0.003582,
        0.003926000000000001,
        0.0038650000000000004,
        0.0035296660000000003,
        0.004204584,
        0.0039105,
        0.003935209,
        0.0034621250000000004,
        0.003609792,
        0.003438459,
        0.00388,
        0.003580333,
        0.0034039170000000002,
        0.0034971250000000002,
        0.0034612080000000003,
        0.003924,
        0.0033857910000000004,
        0.0033506250000000003,
        0.0033288330000000002,
        0.003394583,
        0.003429375,
        0.003369833,
        0.0034035420000000003,
        0.0034975410000000003,
        0.003585125,
        0.003496209,
        0.0035405830000000004,
        0.003501875,
        0.003510917,
        0.003956542,
        0.0035483330000000003,
        0.0034461670000000004,
        0.003413666,
        0.003417292,
        0.0038158750000000003,
        0.003503167,
        0.003430167,
        0.0034200420000000003,
        0.003883417,
        0.0036875000000000002,
        0.003367833
      ],
      "memory_usage_byte": [
        1409024,
        1409024,
        1409024,
        1409024,
        1409024,
        1409024,
        1409024,
        1409024,
        1409024,
        1409024,
        1409024,
        1409024,
        1409024,
        1409024,
        1409024,
        1409024,
        1409024,
        1409024,
        1409024,
        1409024,
        1409024,
        1409024,
        1409024,
        1409024,
        1409024,
        1409024,
        1409024,
        1409024,
        1409024,
        1409024,
        1409024,
        1409024,
        1409024,
        1409024,
        1409024,
        1409024,
        1409024,
        1409024,
        1409024,
        1409024,
        1409024,
        1409024,
        1409024,
        1409024,
        1409024,
        1409024,
        1409024,
        1409024,
        1409024,
        1409024
      ],
      "exit_codes": [
        0,
        0,
        0,
        0,
        0,
        0,
        0,
        0,
        0,
        0,
        0,
        0,
        0,
        0,
        0,
        0,
        0,
        0,
        0,
        0,
        0,
        0,
        0,
        0,
        0,
        0,
        0,
        0,
        0,
        0,
        0,
        0,
        0,
        0,
        0,
        0,
        0,
        0,
        0,
        0,
        0,
        0,
        0,
        0,
        0,
        0,
        0,
        0,
        0,
        0
      ]
    },
    {
      "command": "with --retry 3",
      "mean": 0.0036177642200000016,
      "stddev": 0.00022307526084364623,
      "median": 0.0035422505,
      "user": 0.00112908,
      "system": 0.0021074,
      "min": 0.0033565,
      "max": 0.004306542,
      "times": [
        0.003513542,
        0.0036604170000000004,
        0.003394125,
        0.003584958,
        0.003535125,
        0.003832708,
        0.003967333,
        0.003537417,
        0.0034755840000000003,
        0.0034485,
        0.0037487080000000003,
        0.0036763340000000003,
        0.0034715,
        0.003560708,
        0.0034429160000000003,
        0.004083042,
        0.00355425,
        0.0035470840000000003,
        0.0034682920000000004,
        0.0038122090000000004,
        0.0036642080000000004,
        0.0034027500000000004,
        0.0035656660000000003,
        0.0034425410000000004,
        0.003766291,
        0.00405125,
        0.0035683750000000004,
        0.003384209,
        0.003870333,
        0.003993125,
        0.0034625830000000004,
        0.0034674590000000004,
        0.0033565,
        0.0038795,
        0.004306542,
        0.0037344170000000003,
        0.0034370000000000004,
        0.003531541,
        0.0036818750000000003,
        0.0033762500000000003,
        0.0034456670000000003,
        0.0033984590000000004,
        0.0040425420000000005,
        0.0037492500000000004,
        0.0034583340000000004,
        0.0034582920000000004,
        0.003416875,
        0.0037768330000000003,
        0.0034712920000000004,
        0.0034135000000000003
      ],
      "memory_usage_byte": [
        1409024,
        1409024,
        1409024,
        1409024,
        1409024,
        1409024,
        1409024,
        1409024,
        1409024,
        1409024,
        1409024,
        1409024,
        1409024,
        1409024,
        1409024,
        1409024,
        1409024,
        1409024,
        1409024,
        1409024,
        1409024,
        1409024,
        1409024,
        1409024,
        1409024,
        1409024,
        1409024,
        1409024,
        1409024,
        1409024,
        1409024,
        1409024,
        1409024,
        1409024,
        1409024,
        1409024,
        1409024,
        1409024,
        1409024,
        1409024,
        1409024,
        1409024,
        1409024,
        1409024,
        1409024,
        1409024,
        1409024,
        1409024,
        1409024,
        1409024
      ],
      "exit_codes": [
        0,
        0,
        0,
        0,
        0,
        0,
        0,
        0,
        0,
        0,
        0,
        0,
        0,
        0,
        0,
        0,
        0,
        0,
        0,
        0,
        0,
        0,
        0,
        0,
        0,
        0,
        0,
        0,
        0,
        0,
        0,
        0,
        0,
        0,
        0,
        0,
        0,
        0,
        0,
        0,
        0,
        0,
        0,
        0,
        0,
        0,
        0,
        0,
        0,
        0
      ]
    }
  ]
}
