{
  "results": [
    {
      "command": "darwin-timeout",
      "mean": 0.00361852332,
      "stddev": 0.00019912190849002992,
      "median": 0.0035734375000000002,
      "user": 0.00113312,
      "system": 0.0021043400000000006,
      "min": 0.003336625,
      "max": 0.0043245,
      "times": [
        0.0036449580000000002,
        0.0037855410000000003,
        0.0036468750000000004,
        0.003982791,
        0.0037704170000000003,
        0.003816625,
        0.003654875,
        0.0036312090000000003,
        0.003711208,
        0.0036159160000000003,
        0.004032459,
        0.0038335,
        0.003694334,
        0.0036305,
        0.0035162910000000004,
        0.003585083,
        0.0035822090000000003,
        0.0037265420000000002,
        0.003452875,
        0.0034763750000000003,
        0.003420583,
        0.0035126660000000002,
        0.0034348750000000004,
        0.0033910000000000004,
        0.0034568330000000003,
        0.003452375,
        0.0035015830000000004,
        0.0034741670000000002,
        0.003453334,
        0.0035552500000000003,
        0.0034455,
        0.0035745000000000004,
        0.003409,
        0.003409833,
        0.003336625,
        0.003949416,
        0.0043245,
        0.004118917000000001,
        0.003667084,
        0.003651875,
        0.003712625,
        0.0035305000000000002,
        0.003466541,
        0.003470667,
        0.003551541,
        0.00368525,
        0.003552917,
        0.003572375,
        0.0034886670000000004,
        0.0035645840000000004
      ],
      "memory_usage_byte": [
        1409024,
        1409024,
        1409024,
        1409024,
        1409024,
        1409024,
        1409024,
        1409024,
        1409024,
        1409024,
        1409024,
        1409024,
        1409024,
        1409024,
        1409024,
        1409024,
        1409024,
        1409024,
        1409024,
        1409024,
        1409024,
        1409024,
        1409024,
        1409024,
        1409024,
        1409024,
        1409024,
        1409024,
        1409024,
        1409024,
        1409024,
        1409024,
        1409024,
        1409024,
        1409024,
        1409024,
        1409024,
        1409024,
        1409024,
        1409024,
        1409024,
        1409024,
        1409024,
        1409024,
        1409024,
        1409024,
        1409024,
        1409024,
        1409024,
        1409024
      ],
      "exit_codes": [
        0,
        0,
        0,
        0,
        0,
        0,
        0,
        0,
        0,
        0,
        0,
        0,
        0,
        0,
        0,
        0,
        0,
        0,
        0,
        0,
        0,
        0,
        0,
        0,
        0,
        0,
        0,
        0,
        0,
        0,
        0,
        0,
        0,
        0,
        0,
        0,
        0,
        0,
        0,
        0,
        0,
        0,
        0,
        0,
        0,
        0,
        0,
        0,
        0,
        0
      ]
    },
    {
      "command": "GNU timeout",
      "mean": 0.00422217256,
      "stddev": 0.00019695234472744718,
      "median": 0.0041915835,
      "user": 0.0011780600000000003,
      "system": 0.0022717199999999996,
      "min": 0.003941292,
      "max": 0.005019625000000001,
      "times": [
        0.003941292,
        0.0040485420000000005,
        0.0040378340000000006,
        0.004159084,
        0.004092167,
        0.004463125,
        0.0041448330000000005,
        0.004204208,
        0.0040555420000000005,
        0.004441834,
        0.0041612920000000005,
        0.004188417,
        0.004098500000000001,
        0.0047622920000000004,
        0.00433075,
        0.0042315420000000005,
        0.004358875,
        0.005019625000000001,
        0.004281792,
        0.004089792,
        0.004181792,
        0.004197375000000001,
        0.004005750000000001,
        0.004043042,
        0.0044495,
        0.004233166,
        0.004055958,
        0.004040458,
        0.004285000000000001,
        0.004235791,
        0.004264250000000001,
        0.0041947500000000006,
        0.0044141250000000005,
        0.004254875,
        0.004154000000000001,
        0.0040585000000000005,
        0.004408792,
        0.004076083,
        0.0039605000000000005,
        0.004171625,
        0.004397125,
        0.0040250830000000005,
        0.004157708,
        0.004085791,
        0.0042146250000000005,
        0.004511917000000001,
        0.004328625,
        0.004114209000000001,
        0.004223625,
        0.00425325
      ],
      "memory_usage_byte": [
        1589248,
        1589248,
        1589248,
        1589248,
        1589248,
        1589248,
        1589248,
        1589248,
        1589248,
        1589248,
        1589248,
        1589248,
        1589248,
        1589248,
        1589248,
        1589248,
        1589248,
        1589248,
        1589248,
        1589248,
        1589248,
        1589248,
        1589248,
        1589248,
        1589248,
        1589248,
        1589248,
        1589248,
        1589248,
        1589248,
        1589248,
        1589248,
        1589248,
        1589248,
        1589248,
        1589248,
        1589248,
        1589248,
        1589248,
        1589248,
        1589248,
        1589248,
        1589248,
        1589248,
        1589248,
        1589248,
        1589248,
        1589248,
        1589248,
        1589248
      ],
      "exit_codes": [
        0,
        0,
        0,
        0,
        0,
        0,
        0,
        0,
        0,
        0,
        0,
        0,
        0,
        0,
        0,
        0,
        0,
        0,
        0,
        0,
        0,
        0,
        0,
        0,
        0,
        0,
        0,
        0,
        0,
        0,
        0,
        0,
        0,
        0,
        0,
        0,
        0,
        0,
        0,
        0,
        0,
        0,
        0,
        0,
        0,
        0,
        0,
        0,
        0,
        0
      ]
    }
  ]
}
