{
  "results": [
    {
      "command": "procguard",
      "mean": 0.003538356700000001,
      "stddev": 0.00017910463124485963,
      "median": 0.0035014580000000003,
      "user": 0.0011186,
      "system": 0.0020487799999999996,
      "min": 0.003315208,
      "max": 0.004117292,
      "times": [
        0.003546041,
        0.0037109590000000002,
        0.0035709590000000003,
        0.0038316250000000004,
        0.003518834,
        0.0037383750000000004,
        0.0035515000000000004,
        0.00353175,
        0.0035088330000000003,
        0.003490125,
        0.00369775,
        0.003611125,
        0.003949958,
        0.004117292,
        0.0038090830000000004,
        0.0038242500000000004,
        0.0034940410000000002,
        0.003511375,
        0.00346875,
        0.0036030420000000003,
        0.003441125,
        0.00356025,
        0.0034940830000000003,
        0.003410667,
        0.003549,
        0.003430208,
        0.003375167,
        0.0033701670000000003,
        0.0033896250000000003,
        0.003973709000000001,
        0.003762458,
        0.0034212080000000002,
        0.00338075,
        0.0035330830000000002,
        0.0035242090000000004,
        0.0033725,
        0.003450709,
        0.003383875,
        0.0036155420000000002,
        0.003403417,
        0.003315208,
        0.0033925830000000002,
        0.003365958,
        0.003547667,
        0.0033987910000000004,
        0.0034119170000000004,
        0.003395583,
        0.0033737090000000003,
        0.003444875,
        0.0033441250000000003
      ],
      "memory_usage_byte": [
        1409024,
        1409024,
        1409024,
        1409024,
        1409024,
        1409024,
        1409024,
        1409024,
        1409024,
        1409024,
        1409024,
        1409024,
        1409024,
        1409024,
        1409024,
        1409024,
        1409024,
        1409024,
        1409024,
        1409024,
        1409024,
        1409024,
        1409024,
        1409024,
        1409024,
        1409024,
        1409024,
        1409024,
        1409024,
        1409024,
        1409024,
        1409024,
        1409024,
        1409024,
        1409024,
        1409024,
        1409024,
        1409024,
        1409024,
        1409024,
        1409024,
        1409024,
        1409024,
        1409024,
        1409024,
        1409024,
        1409024,
        1409024,
        1409024,
        1409024
      ],
      "exit_codes": [
        0,
        0,
        0,
        0,
        0,
        0,
        0,
        0,
        0,
        0,
        0,
        0,
        0,
        0,
        0,
        0,
        0,
        0,
        0,
        0,
        0,
        0,
        0,
        0,
        0,
        0,
        0,
        0,
        0,
        0,
        0,
        0,
        0,
        0,
        0,
        0,
        0,
        0,
        0,
        0,
        0,
        0,
        0,
        0,
        0,
        0,
        0,
        0,
        0,
        0
      ]
    },
    {
      "command": "GNU timeout",
      "mean": 0.00425827006,
      "stddev": 0.00020226147219453948,
      "median": 0.004213937500000001,
      "user": 0.0011898999999999996,
      "system": 0.0022911399999999997,
      "min": 0.003988917000000001,
      "max": 0.004803709000000001,
      "times": [
        0.004412625,
        0.004207791000000001,
        0.0040923750000000005,
        0.004216125,
        0.004382334,
        0.004299417000000001,
        0.004088042,
        0.00409025,
        0.0042710000000000005,
        0.004136417,
        0.004082458000000001,
        0.0040235,
        0.004317375,
        0.0042785,
        0.004243791,
        0.004207166,
        0.004440459,
        0.004700042000000001,
        0.0041037090000000005,
        0.0041295,
        0.0043408330000000005,
        0.003988917000000001,
        0.004215084,
        0.004092709,
        0.0046677080000000004,
        0.004132167,
        0.0042127910000000005,
        0.004419917000000001,
        0.004189542,
        0.00400275,
        0.004031708,
        0.0040967500000000006,
        0.004803709000000001,
        0.004497,
        0.004323208,
        0.0042701250000000005,
        0.004226708,
        0.004769000000000001,
        0.004639458,
        0.00442675,
        0.004134292,
        0.00408525,
        0.003999625000000001,
        0.00449175,
        0.004267375,
        0.004134292,
        0.004111542,
        0.004189792,
        0.00432375,
        0.004106125
      ],
      "memory_usage_byte": [
        1589248,
        1589248,
        1589248,
        1589248,
        1589248,
        1589248,
        1589248,
        1589248,
        1589248,
        1589248,
        1589248,
        1589248,
        1589248,
        1589248,
        1589248,
        1589248,
        1589248,
        1589248,
        1589248,
        1589248,
        1589248,
        1589248,
        1589248,
        1589248,
        1589248,
        1589248,
        1589248,
        1589248,
        1589248,
        1589248,
        1589248,
        1589248,
        1589248,
        1589248,
        1605632,
        1605632,
        1605632,
        1605632,
        1605632,
        1605632,
        1605632,
        1605632,
        1605632,
        1605632,
        1605632,
        1605632,
        1605632,
        1605632,
        1605632,
        1605632
      ],
      "exit_codes": [
        0,
        0,
        0,
        0,
        0,
        0,
        0,
        0,
        0,
        0,
        0,
        0,
        0,
        0,
        0,
        0,
        0,
        0,
        0,
        0,
        0,
        0,
        0,
        0,
        0,
        0,
        0,
        0,
        0,
        0,
        0,
        0,
        0,
        0,
        0,
        0,
        0,
        0,
        0,
        0,
        0,
        0,
        0,
        0,
        0,
        0,
        0,
        0,
        0,
        0
      ]
    }
  ]
}
