{
  "results": [
    {
      "command": "darwin-timeout",
      "mean": 0.003613129119999999,
      "stddev": 0.00029157599477320714,
      "median": 0.0035311665000000002,
      "user": 0.00113408,
      "system": 0.00209248,
      "min": 0.0032977080000000003,
      "max": 0.005020458,
      "times": [
        0.0035058750000000003,
        0.0035332920000000004,
        0.003520375,
        0.003910042,
        0.005020458,
        0.0037963750000000003,
        0.0035653330000000004,
        0.003710875,
        0.00368125,
        0.0035254580000000004,
        0.0035640000000000003,
        0.003731334,
        0.003617958,
        0.004184,
        0.0040264160000000005,
        0.0041396670000000005,
        0.0037217920000000002,
        0.003601209,
        0.0034035420000000003,
        0.003529041,
        0.0033281670000000004,
        0.0036734170000000004,
        0.0034525830000000004,
        0.0033948330000000003,
        0.003387292,
        0.0032977080000000003,
        0.00361625,
        0.0038784160000000004,
        0.00346325,
        0.003347375,
        0.0037308750000000003,
        0.00369875,
        0.0033917500000000002,
        0.0034850830000000004,
        0.003366042,
        0.0036238750000000004,
        0.0034257500000000004,
        0.0033914170000000003,
        0.003455417,
        0.0034100420000000003,
        0.00366225,
        0.003463166,
        0.003310833,
        0.0037769580000000004,
        0.0038797500000000004,
        0.0037629160000000003,
        0.003499083,
        0.003404041,
        0.003418,
        0.003372875
      ],
      "memory_usage_byte": [
        1409024,
        1409024,
        1409024,
        1409024,
        1409024,
        1409024,
        1409024,
        1409024,
        1409024,
        1409024,
        1409024,
        1409024,
        1409024,
        1409024,
        1409024,
        1409024,
        1409024,
        1409024,
        1409024,
        1409024,
        1409024,
        1409024,
        1409024,
        1409024,
        1409024,
        1409024,
        1409024,
        1409024,
        1409024,
        1409024,
        1409024,
        1409024,
        1409024,
        1409024,
        1409024,
        1409024,
        1409024,
        1409024,
        1409024,
        1409024,
        1409024,
        1409024,
        1409024,
        1409024,
        1409024,
        1409024,
        1409024,
        1409024,
        1409024,
        1409024
      ],
      "exit_codes": [
        0,
        0,
        0,
        0,
        0,
        0,
        0,
        0,
        0,
        0,
        0,
        0,
        0,
        0,
        0,
        0,
        0,
        0,
        0,
        0,
        0,
        0,
        0,
        0,
        0,
        0,
        0,
        0,
        0,
        0,
        0,
        0,
        0,
        0,
        0,
        0,
        0,
        0,
        0,
        0,
        0,
        0,
        0,
        0,
        0,
        0,
        0,
        0,
        0,
        0
      ]
    },
    {
      "command": "GNU timeout",
      "mean": 0.004228218280000001,
      "stddev": 0.00018746044832607721,
      "median": 0.0041670835,
      "user": 0.00118744,
      "system": 0.0022682599999999994,
      "min": 0.0038650000000000004,
      "max": 0.004696167,
      "times": [
        0.0041340000000000005,
        0.004161667,
        0.004167375,
        0.004163291,
        0.004058459,
        0.004375375,
        0.004271125000000001,
        0.004145875,
        0.004095458000000001,
        0.004322375000000001,
        0.004630583000000001,
        0.004675333,
        0.004132625,
        0.004522667,
        0.004527667,
        0.004189333,
        0.00405625,
        0.00444425,
        0.004209708,
        0.004232334,
        0.004011541,
        0.004368875,
        0.0038650000000000004,
        0.004024833,
        0.004144875,
        0.004344041,
        0.004262041,
        0.004130541000000001,
        0.004166792,
        0.004598042,
        0.004419667,
        0.0042585,
        0.004352916,
        0.004207125,
        0.004086208,
        0.00411375,
        0.0044307090000000006,
        0.004205625,
        0.0040165420000000005,
        0.004069084000000001,
        0.004337875000000001,
        0.004107166000000001,
        0.004038708,
        0.004113292,
        0.004093291000000001,
        0.004075042,
        0.004074250000000001,
        0.004094708,
        0.004187958,
        0.004696167
      ],
      "memory_usage_byte": [
        1589248,
        1589248,
        1589248,
        1589248,
        1589248,
        1589248,
        1589248,
        1589248,
        1589248,
        1589248,
        1589248,
        1589248,
        1589248,
        1589248,
        1589248,
        1589248,
        1589248,
        1589248,
        1589248,
        1589248,
        1589248,
        1589248,
        1589248,
        1589248,
        1589248,
        1589248,
        1589248,
        1589248,
        1589248,
        1589248,
        1589248,
        1589248,
        1589248,
        1589248,
        1589248,
        1589248,
        1589248,
        1589248,
        1589248,
        1589248,
        1589248,
        1589248,
        1589248,
        1589248,
        1589248,
        1589248,
        1589248,
        1589248,
        1589248,
        1589248
      ],
      "exit_codes": [
        0,
        0,
        0,
        0,
        0,
        0,
        0,
        0,
        0,
        0,
        0,
        0,
        0,
        0,
        0,
        0,
        0,
        0,
        0,
        0,
        0,
        0,
        0,
        0,
        0,
        0,
        0,
        0,
        0,
        0,
        0,
        0,
        0,
        0,
        0,
        0,
        0,
        0,
        0,
        0,
        0,
        0,
        0,
        0,
        0,
        0,
        0,
        0,
        0,
        0
      ]
    }
  ]
}
