{
  "results": [
    {
      "command": "procguard",
      "mean": 0.0035354815800000008,
      "stddev": 0.00018037114998961198,
      "median": 0.0034874375,
      "user": 0.0011195799999999998,
      "system": 0.0020425600000000006,
      "min": 0.0033069590000000004,
      "max": 0.004152125,
      "times": [
        0.0035968330000000002,
        0.0035708750000000003,
        0.0034684580000000002,
        0.0034192500000000004,
        0.00341975,
        0.003723875,
        0.0035262080000000003,
        0.0035565830000000003,
        0.003390833,
        0.003746291,
        0.003537,
        0.0035374580000000003,
        0.0034066250000000004,
        0.003486542,
        0.003355167,
        0.004152125,
        0.0037800420000000004,
        0.003636625,
        0.0034755420000000003,
        0.00386175,
        0.003595458,
        0.003383833,
        0.0035041250000000003,
        0.003364291,
        0.0034976250000000003,
        0.003422042,
        0.003348292,
        0.003427083,
        0.003439708,
        0.003683416,
        0.0033549170000000002,
        0.00334825,
        0.003715541,
        0.0038949580000000004,
        0.003932958,
        0.0038588330000000003,
        0.0034243750000000003,
        0.003346,
        0.003451083,
        0.0034152500000000003,
        0.0033069590000000004,
        0.003488333,
        0.003490542,
        0.003605416,
        0.0034887090000000004,
        0.0033905420000000003,
        0.003378625,
        0.003649208,
        0.0034720420000000003,
        0.0034478330000000004
      ],
      "memory_usage_byte": [
        1409024,
        1409024,
        1409024,
        1409024,
        1409024,
        1409024,
        1409024,
        1409024,
        1409024,
        1409024,
        1409024,
        1409024,
        1409024,
        1409024,
        1409024,
        1409024,
        1409024,
        1409024,
        1409024,
        1409024,
        1409024,
        1409024,
        1409024,
        1409024,
        1409024,
        1409024,
        1409024,
        1409024,
        1409024,
        1409024,
        1409024,
        1409024,
        1409024,
        1409024,
        1409024,
        1409024,
        1409024,
        1409024,
        1409024,
        1409024,
        1409024,
        1409024,
        1409024,
        1409024,
        1409024,
        1409024,
        1409024,
        1409024,
        1409024,
        1409024
      ],
      "exit_codes": [
        0,
        0,
        0,
        0,
        0,
        0,
        0,
        0,
        0,
        0,
        0,
        0,
        0,
        0,
        0,
        0,
        0,
        0,
        0,
        0,
        0,
        0,
        0,
        0,
        0,
        0,
        0,
        0,
        0,
        0,
        0,
        0,
        0,
        0,
        0,
        0,
        0,
        0,
        0,
        0,
        0,
        0,
        0,
        0,
        0,
        0,
        0,
        0,
        0,
        0
      ]
    },
    {
      "command": "GNU timeout",
      "mean": 0.00419496828,
      "stddev": 0.00019803680366703227,
      "median": 0.0041582705,
      "user": 0.00117332,
      "system": 0.0022495199999999996,
      "min": 0.003910125,
      "max": 0.00512125,
      "times": [
        0.00412725,
        0.0043858330000000004,
        0.004072625,
        0.0041327080000000006,
        0.004273125,
        0.00421,
        0.0040333750000000005,
        0.004181125,
        0.004249459000000001,
        0.004152917,
        0.004131083000000001,
        0.004162166,
        0.004268,
        0.004196500000000001,
        0.004113208,
        0.0041626250000000005,
        0.004370625,
        0.00512125,
        0.004355375,
        0.0043009170000000005,
        0.0040758750000000005,
        0.004052667,
        0.003988333,
        0.0042657910000000005,
        0.004204709,
        0.0041374160000000005,
        0.004072709,
        0.003996625,
        0.004302625,
        0.004076375,
        0.0041769170000000005,
        0.004147917,
        0.004674917000000001,
        0.004507833,
        0.003988583,
        0.004097458,
        0.004129041,
        0.003970791,
        0.003947375,
        0.004411209,
        0.004237708000000001,
        0.004265208,
        0.004154375,
        0.0042987500000000005,
        0.004294916,
        0.004058,
        0.004022250000000001,
        0.004189125,
        0.004092625,
        0.003910125
      ],
      "memory_usage_byte": [
        1589248,
        1589248,
        1589248,
        1589248,
        1589248,
        1589248,
        1589248,
        1589248,
        1589248,
        1589248,
        1589248,
        1589248,
        1589248,
        1589248,
        1589248,
        1589248,
        1589248,
        1589248,
        1589248,
        1589248,
        1589248,
        1589248,
        1589248,
        1589248,
        1589248,
        1589248,
        1589248,
        1589248,
        1589248,
        1589248,
        1589248,
        1589248,
        1589248,
        1589248,
        1589248,
        1589248,
        1589248,
        1589248,
        1589248,
        1589248,
        1589248,
        1589248,
        1589248,
        1589248,
        1589248,
        1589248,
        1589248,
        1589248,
        1589248,
        1589248
      ],
      "exit_codes": [
        0,
        0,
        0,
        0,
        0,
        0,
        0,
        0,
        0,
        0,
        0,
        0,
        0,
        0,
        0,
        0,
        0,
        0,
        0,
        0,
        0,
        0,
        0,
        0,
        0,
        0,
        0,
        0,
        0,
        0,
        0,
        0,
        0,
        0,
        0,
        0,
        0,
        0,
        0,
        0,
        0,
        0,
        0,
        0,
        0,
        0,
        0,
        0,
        0,
        0
      ]
    }
  ]
}
