{
  "results": [
    {
      "command": "procguard",
      "mean": 0.0035461383400000007,
      "stddev": 0.00018222240566995968,
      "median": 0.003490125,
      "user": 0.00111778,
      "system": 0.00204416,
      "min": 0.003306208,
      "max": 0.0040757910000000005,
      "times": [
        0.0035197920000000003,
        0.003764167,
        0.003507,
        0.003689542,
        0.003708916,
        0.003930959,
        0.0040757910000000005,
        0.003743375,
        0.0038490840000000004,
        0.003714166,
        0.003488334,
        0.003564167,
        0.0035643750000000003,
        0.0038440830000000003,
        0.0038159170000000003,
        0.003748125,
        0.0037274170000000002,
        0.003676083,
        0.003436291,
        0.0034919160000000003,
        0.003397292,
        0.003622334,
        0.003482541,
        0.0034468330000000003,
        0.0036364580000000004,
        0.0033955,
        0.0035631250000000003,
        0.0034126670000000003,
        0.0033377090000000003,
        0.0034178330000000003,
        0.003369958,
        0.0034990840000000004,
        0.0034308750000000003,
        0.0033870000000000003,
        0.0033991670000000002,
        0.003386084,
        0.003706542,
        0.003726375,
        0.003414083,
        0.0033709160000000003,
        0.003378541,
        0.003454083,
        0.003369959,
        0.0033702500000000004,
        0.0033740830000000004,
        0.003677459,
        0.0033965420000000002,
        0.003306208,
        0.003362041,
        0.0033558750000000004
      ],
      "memory_usage_byte": [
        1409024,
        1409024,
        1409024,
        1409024,
        1409024,
        1409024,
        1409024,
        1409024,
        1409024,
        1409024,
        1409024,
        1409024,
        1409024,
        1409024,
        1409024,
        1409024,
        1409024,
        1409024,
        1409024,
        1409024,
        1409024,
        1409024,
        1409024,
        1409024,
        1409024,
        1409024,
        1409024,
        1409024,
        1409024,
        1409024,
        1409024,
        1409024,
        1409024,
        1409024,
        1409024,
        1409024,
        1409024,
        1409024,
        1409024,
        1409024,
        1409024,
        1409024,
        1409024,
        1409024,
        1409024,
        1409024,
        1409024,
        1409024,
        1409024,
        1409024
      ],
      "exit_codes": [
        0,
        0,
        0,
        0,
        0,
        0,
        0,
        0,
        0,
        0,
        0,
        0,
        0,
        0,
        0,
        0,
        0,
        0,
        0,
        0,
        0,
        0,
        0,
        0,
        0,
        0,
        0,
        0,
        0,
        0,
        0,
        0,
        0,
        0,
        0,
        0,
        0,
        0,
        0,
        0,
        0,
        0,
        0,
        0,
        0,
        0,
        0,
        0,
        0,
        0
      ]
    },
    {
      "command": "GNU timeout",
      "mean": 0.00421371498,
      "stddev": 0.0002477214149743982,
      "median": 0.004140604,
      "user": 0.0011837999999999998,
      "system": 0.0022621600000000005,
      "min": 0.003951667,
      "max": 0.005315416000000001,
      "times": [
        0.004044125,
        0.004114292,
        0.004968458,
        0.004309708000000001,
        0.004074375,
        0.004131542,
        0.004408167,
        0.004227,
        0.004086375000000001,
        0.00414025,
        0.0041955410000000005,
        0.004237708000000001,
        0.004047709,
        0.00418275,
        0.004140958,
        0.004217333,
        0.004066167,
        0.004245042,
        0.0043975410000000005,
        0.005315416000000001,
        0.0044049580000000005,
        0.004111625,
        0.004156375,
        0.004004875000000001,
        0.004202708,
        0.004281792,
        0.004844417,
        0.004356083,
        0.004287459,
        0.004243416,
        0.004227833,
        0.004083542,
        0.004104417,
        0.004333208,
        0.0040935830000000005,
        0.0040298750000000005,
        0.003982542,
        0.004115667,
        0.004096333000000001,
        0.0041885,
        0.003951958,
        0.004339459,
        0.004131875,
        0.0040719580000000005,
        0.003951667,
        0.004004583,
        0.004030958,
        0.00406425,
        0.004103042,
        0.004336334
      ],
      "memory_usage_byte": [
        1589248,
        1589248,
        1589248,
        1589248,
        1589248,
        1589248,
        1589248,
        1589248,
        1589248,
        1589248,
        1589248,
        1589248,
        1589248,
        1589248,
        1589248,
        1589248,
        1589248,
        1589248,
        1589248,
        1589248,
        1589248,
        1589248,
        1589248,
        1589248,
        1589248,
        1589248,
        1589248,
        1589248,
        1589248,
        1589248,
        1589248,
        1589248,
        1589248,
        1589248,
        1589248,
        1589248,
        1589248,
        1589248,
        1589248,
        1589248,
        1589248,
        1589248,
        1589248,
        1589248,
        1589248,
        1589248,
        1589248,
        1589248,
        1589248,
        1589248
      ],
      "exit_codes": [
        0,
        0,
        0,
        0,
        0,
        0,
        0,
        0,
        0,
        0,
        0,
        0,
        0,
        0,
        0,
        0,
        0,
        0,
        0,
        0,
        0,
        0,
        0,
        0,
        0,
        0,
        0,
        0,
        0,
        0,
        0,
        0,
        0,
        0,
        0,
        0,
        0,
        0,
        0,
        0,
        0,
        0,
        0,
        0,
        0,
        0,
        0,
        0,
        0,
        0
      ]
    }
  ]
}
