{
  "results": [
    {
      "command": "echo hello",
      "mean": 0.0013899812999999997,
      "stddev": 0.0001690492834696618,
      "median": 0.0013315830000000001,
      "user": 0.0003571599999999998,
      "system": 0.00032545999999999996,
      "min": 0.001161167,
      "max": 0.0018440000000000002,
      "times": [
        0.001543,
        0.0013645830000000002,
        0.001280708,
        0.0012340830000000002,
        0.001259584,
        0.00138075,
        0.00182875,
        0.0015918750000000002,
        0.0014558750000000001,
        0.0013156670000000002,
        0.001458709,
        0.001309042,
        0.0016672500000000001,
        0.001646792,
        0.0014595,
        0.0014236250000000002,
        0.0013182080000000002,
        0.001263583,
        0.0013965840000000002,
        0.0014591250000000001,
        0.001655875,
        0.001766916,
        0.001246334,
        0.0012928750000000002,
        0.0014476250000000001,
        0.001631084,
        0.0018060410000000002,
        0.001560917,
        0.00144,
        0.001371417,
        0.00142475,
        0.0012985000000000002,
        0.0016714170000000001,
        0.001347,
        0.0014654590000000001,
        0.0013852080000000002,
        0.001236792,
        0.001226625,
        0.0012785420000000001,
        0.0014142920000000002,
        0.0016996250000000002,
        0.001359542,
        0.0012519170000000002,
        0.00125875,
        0.001286833,
        0.001224,
        0.001161167,
        0.0011922080000000002,
        0.001290209,
        0.0014,
        0.001223708,
        0.0011885420000000001,
        0.0011905000000000002,
        0.001347083,
        0.0016100840000000001,
        0.0017214580000000001,
        0.001499417,
        0.001276875,
        0.0012273750000000002,
        0.001237292,
        0.0012351670000000001,
        0.001548209,
        0.001433292,
        0.001747209,
        0.0015885,
        0.001675292,
        0.001435583,
        0.0013045420000000001,
        0.001198208,
        0.00146075,
        0.0013106250000000002,
        0.001267083,
        0.00122675,
        0.001209833,
        0.0012728750000000001,
        0.001281458,
        0.0014245,
        0.0018440000000000002,
        0.001598959,
        0.0013115000000000002,
        0.0012370830000000001,
        0.00123175,
        0.0012834160000000001,
        0.001198167,
        0.0012322090000000002,
        0.00157,
        0.001216125,
        0.0012598750000000001,
        0.001347333,
        0.001311333,
        0.001285958,
        0.0014888330000000002,
        0.0012490000000000001,
        0.001344958,
        0.001268833,
        0.0012870840000000002,
        0.0015444590000000002,
        0.0012665830000000002,
        0.001303916,
        0.001425333
      ],
      "memory_usage_byte": [
        1294336,
        1294336,
        1294336,
        1294336,
        1294336,
        1294336,
        1294336,
        1294336,
        1294336,
        1294336,
        1294336,
        1294336,
        1294336,
        1294336,
        1294336,
        1294336,
        1294336,
        1294336,
        1294336,
        1294336,
        1294336,
        1294336,
        1294336,
        1294336,
        1294336,
        1294336,
        1294336,
        1294336,
        1294336,
        1294336,
        1294336,
        1294336,
        1294336,
        1294336,
        1294336,
        1294336,
        1294336,
        1294336,
        1294336,
        1294336,
        1294336,
        1294336,
        1294336,
        1294336,
        1294336,
        1310720,
        1310720,
        1310720,
        1310720,
        1310720,
        1310720,
        1310720,
        1310720,
        1310720,
        1310720,
        1310720,
        1310720,
        1310720,
        1310720,
        1310720,
        1310720,
        1310720,
        1310720,
        1310720,
        1310720,
        1310720,
        1310720,
        1310720,
        1310720,
        1310720,
        1310720,
        1310720,
        1310720,
        1310720,
        1310720,
        1310720,
        1310720,
        1310720,
        1310720,
        1310720,
        1310720,
        1310720,
        1310720,
        1310720,
        1310720,
        1310720,
        1310720,
        1310720,
        1310720,
        1310720,
        1310720,
        1310720,
        1310720,
        1310720,
        1310720,
        1310720,
        1310720,
        1310720,
        1310720,
        1310720
      ],
      "exit_codes": [
        0,
        0,
        0,
        0,
        0,
        0,
        0,
        0,
        0,
        0,
        0,
        0,
        0,
        0,
        0,
        0,
        0,
        0,
        0,
        0,
        0,
        0,
        0,
        0,
        0,
        0,
        0,
        0,
        0,
        0,
        0,
        0,
        0,
        0,
        0,
        0,
        0,
        0,
        0,
        0,
        0,
        0,
        0,
        0,
        0,
        0,
        0,
        0,
        0,
        0,
        0,
        0,
        0,
        0,
        0,
        0,
        0,
        0,
        0,
        0,
        0,
        0,
        0,
        0,
        0,
        0,
        0,
        0,
        0,
        0,
        0,
        0,
        0,
        0,
        0,
        0,
        0,
        0,
        0,
        0,
        0,
        0,
        0,
        0,
        0,
        0,
        0,
        0,
        0,
        0,
        0,
        0,
        0,
        0,
        0,
        0,
        0,
        0,
        0,
        0
      ]
    },
    {
      "command": "./target/release/timeout 60 echo hello",
      "mean": 0.0037302546099999994,
      "stddev": 0.00025053150631770057,
      "median": 0.0036672080000000004,
      "user": 0.0011369499999999996,
      "system": 0.00219635,
      "min": 0.0033962920000000004,
      "max": 0.004638375,