{
  "results": [
    {
      "command": "./target/release/timeout 1s sleep 10",
      "mean": 1.0169440100400002,
      "stddev": 0.002919874057028317,
      "median": 1.0172558955,
      "user": 0.0038851600000000008,
      "system": 0.009266699999999996,
      "min": 1.010244875,
      "max": 1.021536167,
      "times": [
        1.014098209,
        1.019744709,
        1.017033541,
        1.012840375,
        1.014106959,
        1.017264666,
        1.017958583,
        1.014706708,
        1.019640042,
        1.020581083,
        1.018561875,
        1.015202875,
        1.010244875,
        1.019863875,
        1.019949334,
        1.019798917,
        1.019622292,
        1.013789541,
        1.017102084,
        1.017247125,
        1.015542458,
        1.015289708,
        1.017752083,
        1.017004917,
        1.019419084,
        1.015278959,
        1.019440667,
        1.016285792,
        1.013659541,
        1.014731625,
        1.019736417,
        1.021536167,
        1.018274083,
        1.019488125,
        1.015131375,
        1.0158275,
        1.020685375,
        1.017746667,
        1.01898325,
        1.011147708,
        1.020284792,
        1.014099791,
        1.019412375,
        1.020050042,
        1.019905375,
        1.019125958,
        1.010250792,
        1.014713375,
        1.01203725,
        1.015001583
      ],
      "memory_usage_byte": [
        1409024,
        1409024,
        1409024,
        1409024,
        1409024,
        1409024,
        1409024,
        1409024,
        1409024,
        1409024,
        1409024,
        1409024,
        1409024,
        1409024,
        1409024,
        1409024,
        1409024,
        1409024,
        1409024,
        1409024,
        1409024,
        1409024,
        1409024,
        1409024,
        1409024,
        1409024,
        1409024,
        1409024,
        1409024,
        1409024,
        1409024,
        1409024,
        1409024,
        1409024,
        1409024,
        1409024,
        1409024,
        1409024,
        1409024,
        1409024,
        1409024,
        1409024,
        1409024,
        1409024,
        1409024,
        1409024,
        1409024,
        1409024,
        1409024,
        1409024
      ],
      "exit_codes": [
        124,
        124,
        124,
        124,
        124,
        124,
        124,
        124,
        124,
        124,
        124,
        124,
        124,
        124,
        124,
        124,
        124,
        124,
        124,
        124,
        124,
        124,
        124,
        124,
        124,
        124,
        124,
        124,
        124,
        124,
        124,
        124,
        124,
        124,
        124,
        124,
        124,
        124,
        124,
        124,
        124,
        124,
        124,
        124,
        124,
        124,
        124,
        124,
        124,
        124
      ]
    },
    {
      "command": "gtimeout 1s sleep 10",
      "mean": 1.0166069959000001,
      "stddev": 0.002690109057133743,
      "median": 1.015901021,
      "user": 0.003937640000000001,
      "system": 0.009259260000000004,
      "min": 1.010158958,
      "max": 1.020947542,
      "times": [
        1.020451875,
        1.014514167,
        1.017127167,
        1.012356458,
        1.015958917,
        1.019774542,
        1.019840791,
        1.019241167,
        1.01484025,
        1.019680417,
        1.020023208,
        1.015278458,
        1.018098916,
        1.016215208,
        1.017770459,
        1.015610875,
        1.019834375,
        1.015740375,
        1.013170917,
        1.010920375,
        1.016488959,
        1.019924,
        1.019583292,
        1.012449167,
        1.014895333,
        1.015119834,
        1.018102417,
        1.015625208,
        1.015570583,
        1.0148645,
        1.015634125,
        1.016344042,
        1.014386917,
        1.018603584,
        1.015843125,
        1.0183925,
        1.020468292,
        1.020947542,
        1.013125,
        1.019991791,
        1.020260042,
        1.018925167,
        1.015254125,
        1.018697959,
        1.015112708,
        1.014634708,
        1.015315833,
        1.014325792,
        1.010158958,
        1.014855375
      ],
      "memory_usage_byte": [
        1605632,
        1605632,
        1605632,
        1605632,
        1605632,
        1605632,
        1605632,
        1605632,
        1605632,
        1605632,
        1605632,
        1605632,
        1605632,
        1605632,
        1605632,
        1605632,
        1605632,
        1605632,
        1605632,
        1605632,
        1605632,
        1605632,
        1605632,
        1605632,
        1605632,
        1605632,
        1605632,
        1605632,
        1605632,
        1605632,
        1605632,
        1605632,
        1605632,
        1605632,
        1605632,
        1605632,
        1605632,
        1605632,
        1605632,
        1605632,
        1605632,
        1605632,
        1605632,
        1605632,
        1605632,
        1605632,
        1605632,
        1605632,
        1605632,
        1605632
      ],
      "exit_codes": [
        124,
        124,
        124,
        124,
        124,
        124,
        124,
        124,
        124,
        124,
        124,
        124,
        124,
        124,
        124,
        124,
        124,
        124,
        124,
        124,
        124,
        124,
        124,
        124,
        124,
        124,
        124,
        124,
        124,
        124,
        124,
        124,
        124,
        124,
        124,
        124,
        124,
        124,
        124,
        124,
        124,
        124,
        124,
        124,
        124,
        124,
        124,
        124,
        124,
        124
      ]
    }
  ]
}
