{
  "results": [
    {
      "command": "./target/release/timeout -k 0.2 0.2 bash -c 'trap \"\" TERM; sleep 60'",
      "mean": 0.42101785819999993,
      "stddev": 0.0027588044536926573,
      "median": 0.4215142705,
      "user": 0.0091848,
      "system": 0.014924399999999996,
      "min": 0.416087666,
      "max": 0.42441491600000003,
      "times": [
        0.423569375,
        0.42232562500000004,
        0.42177200000000004,
        0.416087666,
        0.42441491600000003,
        0.419817459,
        0.42125654100000004,
        0.42388087500000005,
        0.419465167,
        0.417588958
      ],
      "memory_usage_byte": [
        1409024,
        1409024,
        1409024,
        1409024,
        1409024,
        1409024,
        1409024,
        1409024,
        1409024,
        1409024
      ],
      "exit_codes": [
        124,
        124,
        124,
        124,
        124,
        124,
        124,
        124,
        124,
        124
      ]
    }
  ]
}
