{
  "results": [
    {
      "command": "./target/release/timeout 1 true",
      "mean": 0.004133930449999998,
      "stddev": 0.0004223931432457896,
      "median": 0.0041037505,
      "user": 0.0012333399999999997,
      "system": 0.0024789599999999997,
      "min": 0.0034010840000000004,
      "max": 0.00513075,
      "times": [
        0.0038150000000000002,
        0.004120584,
        0.004194041,
        0.004306291,
        0.0046920830000000005,
        0.0039510000000000005,
        0.00413075,
        0.0038745000000000003,
        0.0036654160000000003,
        0.004274084,
        0.0036559590000000003,
        0.0039879170000000005,
        0.0037414160000000004,
        0.0037744170000000004,
        0.004005834000000001,
        0.0035887080000000003,
        0.003992666000000001,
        0.004038750000000001,
        0.00366525,
        0.003992292000000001,
        0.003491791,
        0.003564208,
        0.003656167,
        0.0034010840000000004,
        0.00455675,
        0.004094167,
        0.0035570000000000003,
        0.0035257080000000002,
        0.0034815000000000002,
        0.003479667,
        0.003525667,
        0.0035792500000000004,
        0.004153625,
        0.004489875,
        0.0040038750000000005,
        0.0043490000000000004,
        0.004139375,
        0.004513667,
        0.004438416000000001,
        0.0044289590000000005,
        0.004372458,
        0.004191958,
        0.004694792000000001,
        0.0047614580000000005,
        0.004178417,
        0.004216417,
        0.004040458,
        0.004309,
        0.004342334000000001,
        0.004244042,
        0.004132458,
        0.004104792,
        0.004101041000000001,
        0.003880375,
        0.0036689580000000004,
        0.003594416,
        0.0042944160000000006,
        0.0039227920000000005,
        0.003917,
        0.0038953340000000003,
        0.003598042,
        0.003937583000000001,
        0.0038089160000000003,
        0.0036735,
        0.004044834000000001,
        0.00368125,
        0.003957583000000001,
        0.0037443330000000003,
        0.0035618750000000004,
        0.004359084,
        0.0049805000000000006,
        0.004948125,
        0.005047125,
        0.004638541,
        0.005029375,
        0.004989250000000001,
        0.004934458,
        0.004773459000000001,
        0.004581334,
        0.004439208,
        0.00513075,
        0.004937459,
        0.004281084,
        0.004677833,
        0.00455875,
        0.004061834,
        0.004623250000000001,
        0.004238250000000001,
        0.004263792000000001,
        0.0036885000000000004,
        0.003943875,
        0.003935416000000001,
        0.004036291,
        0.004290292,
        0.003907792,
        0.004229292,
        0.004218417,
        0.004102709,
        0.0045147500000000005,
        0.004264709
      ],
      "memory_usage_byte": [
        1409024,
        1409024,
        1409024,
        1409024,
        1409024,
        1409024,
        1409024,
        1409024,
        1409024,
        1409024,
        1409024,
        1409024,
        1409024,
        1409024,
        1409024,
        1409024,
        1409024,
        1409024,
        1409024,
        1409024,
        1409024,
        1409024,
        1409024,
        1409024,
        1409024,
        1409024,
        1409024,
        1409024,
        1409024,
        1409024,
        1409024,
        1409024,
        1409024,
        1409024,
        1409024,
        1409024,
        1409024,
        1409024,
        1409024,
        1409024,
        1409024,
        1409024,
        1409024,
        1409024,
        1409024,
        1409024,
        1409024,
        1409024,
        1409024,
        1409024,
        1409024,
        1409024,
        1409024,
        1409024,
        1409024,
        1409024,
        1409024,
        1409024,
        1409024,
        1409024,
        1409024,
        1409024,
        1409024,
        1409024,
        1409024,
        1409024,
        1409024,
        1409024,
        1409024,
        1409024,
        1409024,
        1409024,
        1409024,
        1409024,
        1409024,
        1409024,
        1409024,
        1409024,
        1409024,
        1409024,
        1409024,
        1409024,
        1409024,
        1409024,
        1409024,
        1409024,
        1409024,
        1409024,
        1409024,
        1409024,
        1409024,
        1409024,
        1409024,
        1409024,
        1409024,
        1409024,
        1409024,
        1409024,
        1409024,
        1409024
      ],
      "exit_codes": [
        0,
        0,
        0,
        0,
        0,
        0,
        0,
        0,
        0,
        0,
        0,
        0,
        0,
        0,
        0,
        0,
        0,
        0,
        0,
        0,
        0,
        0,
        0,
        0,
        0,
        0,
        0,
        0,
        0,
        0,
        0,
        0,
        0,
        0,
        0,
        0,
        0,
        0,
        0,
        0,
        0,
        0,
        0,
        0,
        0,
        0,
        0,
        0,
        0,
        0,
        0,
        0,
        0,
        0,
        0,
        0,
        0,
        0,
        0,
        0,
        0,
        0,
        0,
        0,
        0,
        0,
        0,
        0,
        0,
        0,
        0,
        0,
        0,
        0,
        0,
        0,
        0,
        0,
        0,
        0,
        0,
        0,
        0,
        0,
        0,
        0,
        0,
        0,
        0,
        0,
        0,
        0,
        0,
        0,
        0,
        0,
        0,
        0,
        0,
        0
      ]
    },
    {
      "command": "gtimeout 1 true",
      "mean": 0.004943810420000003,
      "stddev": 0.000699180887741588,
      "median": 0.004696500000000001,
      "user": 0.0013222499999999999,
      "system": 0.0027367399999999997,
      "min": 0.004013167000000001,
      "max": 0.0072353750000000005,