{
  "results": [
    {
      "command": "./target/release/timeout 1 sleep 10",
      "mean": 1.0172409000000002,
      "stddev": 0.0022539233698397314,
      "median": 1.0176213125,
      "user": 0.0038878000000000003,
      "system": 0.0091352,
      "min": 1.013130875,
      "max": 1.019774708,
      "times": [
        1.018699875,
        1.014481709,
        1.01654275,
        1.013130875,
        1.016160792,
        1.018994042,
        1.019331958,
        1.015571958,
        1.019505292,
        1.019414375,
        1.014192167,
        1.015878875,
        1.019050708,
        1.015284333,
        1.014577917,
        1.015917208,
        1.019774708,
        1.019755834,
        1.019166041,
        1.019386583
      ],
      "memory_usage_byte": [
        1409024,
        1409024,
        1409024,
        1409024,
        1409024,
        1409024,
        1409024,
        1409024,
        1409024,
        1409024,
        1409024,
        1409024,
        1409024,
        1409024,
        1409024,
        1409024,
        1409024,
        1409024,
        1409024,
        1409024
      ],
      "exit_codes": [
        124,
        124,
        124,
        124,
        124,
        124,
        124,
        124,
        124,
        124,
        124,
        124,
        124,
        124,
        124,
        124,
        124,
        124,
        124,
        124
      ]
    },
    {
      "command": "gtimeout 1 sleep 10",
      "mean": 1.0154740915500002,
      "stddev": 0.003002621029921704,
      "median": 1.0154946875,
      "user": 0.0034386499999999993,
      "system": 0.00831585,
      "min": 1.010668083,
      "max": 1.0204625,
      "times": [
        1.017345666,
        1.019108792,
        1.01556025,
        1.014558375,
        1.015920958,
        1.018472792,
        1.015459917,
        1.0204625,
        1.017611875,
        1.011349,
        1.018884958,
        1.015351125,
        1.014637583,
        1.0146195,
        1.010829916,
        1.010668083,
        1.01908875,
        1.015529458,
        1.0132915,
        1.010730833
      ],
      "memory_usage_byte": [
        1589248,
        1589248,
        1589248,
        1589248,
        1589248,
        1589248,
        1589248,
        1589248,
        1589248,
        1589248,
        1589248,
        1589248,
        1589248,
        1589248,
        1589248,
        1589248,
        1589248,
        1589248,
        1589248,
        1589248
      ],
      "exit_codes": [
        124,
        124,
        124,
        124,
        124,
        124,
        124,
        124,
        124,
        124,
        124,
        124,
        124,
        124,
        124,
        124,
        124,
        124,
        124,
        124
      ]
    }
  ]
}
