{
  "results": [
    {
      "command": "./target/release/timeout 0.1 sleep 10",
      "mean": 0.11457391803333333,
      "stddev": 0.002837052803209155,
      "median": 0.11454466700000002,
      "user": 0.0033103000000000004,
      "system": 0.007683466666666668,
      "min": 0.109492083,
      "max": 0.119502125,
      "times": [
        0.11473116700000001,
        0.11029554200000001,
        0.11435816700000001,
        0.11117795800000001,
        0.10952520800000001,
        0.112652083,
        0.11653225,
        0.109492083,
        0.110003083,
        0.11214708400000001,
        0.113896541,
        0.116315625,
        0.11363229200000001,
        0.11724925000000001,
        0.11782337500000001,
        0.117805167,
        0.11585225,
        0.117098958,
        0.1175945,
        0.115204833,
        0.11718120800000001,
        0.116480833,
        0.11224437500000001,
        0.11380437500000001,
        0.11416950000000001,
        0.113516875,
        0.112164334,
        0.118832958,
        0.115933542,
        0.119502125
      ],
      "memory_usage_byte": [
        1425408,
        1425408,
        1425408,
        1425408,
        1425408,
        1425408,
        1425408,
        1425408,
        1425408,
        1425408,
        1425408,
        1425408,
        1425408,
        1425408,
        1425408,
        1425408,
        1425408,
        1425408,
        1425408,
        1425408,
        1425408,
        1425408,
        1425408,
        1425408,
        1425408,
        1425408,
        1425408,
        1425408,
        1425408,
        1425408
      ],
      "exit_codes": [
        124,
        124,
        124,
        124,
        124,
        124,
        124,
        124,
        124,
        124,
        124,
        124,
        124,
        124,
        124,
        124,
        124,
        124,
        124,
        124,
        124,
        124,
        124,
        124,
        124,
        124,
        124,
        124,
        124,
        124
      ]
    },
    {
      "command": "gtimeout 0.1 sleep 10",
      "mean": 0.1156918236,
      "stddev": 0.0022506159571120416,
      "median": 0.11559674950000001,
      "user": 0.0035753333333333336,
      "system": 0.008552799999999998,
      "min": 0.110325792,
      "max": 0.12004525,
      "times": [
        0.11711462500000001,
        0.116916875,
        0.115346208,
        0.11433245800000001,
        0.110325792,
        0.11756454200000001,
        0.12004525,
        0.11224725,
        0.11663483300000001,
        0.11730975,
        0.116283625,
        0.1150375,
        0.11357420800000001,
        0.114351958,
        0.116116625,
        0.11663437500000001,
        0.114470708,
        0.11320925000000001,
        0.114737875,
        0.11522491700000001,
        0.115847291,
        0.11522425,
        0.114096417,
        0.11941891700000001,
        0.119006917,
        0.117586834,
        0.112995417,
        0.11779925000000001,
        0.11292183300000001,
        0.118378958
      ],
      "memory_usage_byte": [
        1589248,
        1589248,
        1589248,
        1589248,
        1589248,
        1589248,
        1589248,
        1589248,
        1589248,
        1589248,
        1589248,
        1589248,
        1589248,
        1589248,
        1589248,
        1589248,
        1589248,
        1589248,
        1589248,
        1589248,
        1589248,
        1589248,
        1589248,
        1589248,
        1589248,
        1589248,
        1605632,
        1605632,
        1605632,
        1605632
      ],
      "exit_codes": [
        124,
        124,
        124,
        124,
        124,
        124,
        124,
        124,
        124,
        124,
        124,
        124,
        124,
        124,
        124,
        124,
        124,
        124,
        124,
        124,
        124,
        124,
        124,
        124,
        124,
        124,
        124,
        124,
        124,
        124
      ]
    }
  ]
}
